image_url,image_url2,image_url3
Kettle.jpg,Smoothie.jpg,Toy Ring.jpg
Toy Ring.jpg,Mouse.jpg,Eggs.jpg
French Fries.jpg,Magnifying Glass.jpg,Postit Notes.jpg
Photo Frame.jpg,Matches.jpg,Pins.jpg
broccoli.jpg,Stuffed Animal.jpg,Calendar.jpg
Ice Cream.jpg,Shirt.jpg,Jam.jpg
Smoothie.jpg,Cheese.jpg,Mirror.jpg
Headphones.jpeg,Speaker.jpg,Bucket.jpg
Alarm Clock.jpg,Keyboard.jpg,Fruit.jpg
Toilet Paper.jpg,Cereal.jpg,Hand Soap.jpg
Alarm Clock.jpg,orange.jpg,Headphones.jpeg
books.jpg,Butter.jpg,Bar.jpg
Printer.jpg,glasses.jpeg,Hammer.jpg
Yogurt.jpg,Glasses.jpg,Comb.png
Pencils.jpg,Fruit.jpg,Laptop.jpg
milk.jpg,Marker.jpg,Toy Ring.jpg
Exit Sign.jpg,Lipstick.jpg,Canned Food.jpg
Toy Drum Set.jpg,Calendar.jpg,Paper Clip.jpg
Knives.jpg,Magnifying Glass.jpg,Hammer.jpg
Notebooks.jpg,Pencil Sharpener.jpg,Mirror.jpg
Books.jpg,Memory Stick.jpg,Chocolate.jpg
Trash Bag.jpg,Hammer.jpg,lemon.jpg
Canned Food.jpg,Cheese.jpg,Printer.jpg
Hand Mixer.jpg,milk.jpg,Postit Notes.jpg
Fan.jpg,Router.jpg,Scissors.jpg
Stapler.jpg,Telephones.jpg,Batteries.jpg
Salad.jpg,carrots.jpg,Helmet.jpg
Notebooks.jpg,milk.jpg,orange.jpg
Memory Stick.jpg,Cheese.jpg,Chocolate.jpg
Pencils.jpg,Magnifying Glass.jpg,Rice.jpg
Sugar.jpg,Yogurt.jpg,Beef Jerky.jpg
pink hat.jpeg,Rice.jpg,Smoothie.jpg
orange.jpg,Pan.jpg,Ruler.jpg
Leash.jpg,Comb.png,Coffee.jpg
Pins.jpg,Spoon.jpg,Toy Ring.jpg
Telephones.jpg,Clipboards.jpg,Pencils.jpg
Clipboards.jpg,Screwdriver.jpg,Eggs.jpg
Eggs.jpg,First Aid Kit.jpg,Jam.jpg
Butter.jpg,Hand Soap.jpg,Backpack.jpg
Eggs.jpg,First Aid Kit.jpg,Laptop.jpg
Router.jpg,Sugar.jpg,Bread.jpg
Hand Mixer.jpg,Backpack.jpg,Cookie.jpg
Pan.jpg,Stuffed Animal.jpg,Laptop.jpg
carrots.jpg,Rice.jpg,Smoothie.jpg
Chicken Broth.jpg,Alarm Clock.jpg,files.jpg
Radio.jpg,Chocolate.jpg,Drill.jpg
Hand Mixer.jpg,Clothes Hanger.png,Calculator.jpg
Trash Bag.jpg,Chopsticks.jpg,Butter.jpg
Chocolate.jpg,Screw.jpg,Calendar.jpg
Collar.jpg,Laptop.jpg,Postit Notes.jpg
Glasses.jpg,Houseplant.jpg,Clipboards.jpg
Cable.jpg,Sugar.jpg,Peanut Butter.jpg
Toilet Paper.jpg,Hammer.jpg,Jam.jpg
Notebooks.jpg,Headphones.jpeg,Mug.jpg
Jam.jpg,Pasta.jpg,milk.jpg
Keys.jpg,Pins.jpg,Clothes Hanger.png
Telephones.jpg,Jam.jpg,Shirt.jpg
Books.jpg,Toy Ring.jpg,Cereal.jpg
Scissors.jpg,Drill.jpg,Keyboard.jpg
Screw.jpg,Salad.jpg,Rice.jpg
Lipstick.jpg,Speaker.jpg,Cake.jpg
Marker.jpg,books.jpg,Photo Frame.jpg
Oven Mitts.jpg,Hot Sauce.jpg,Lightbulb.jpg
glasses.jpeg,Jacket.jpg,Laptop.jpg
Jacket.jpg,Chips.jpg,Pencils.jpg
Photo Frame.jpg,Alarm Clock.jpg,Folders.jpg
Beef Jerky.jpg,Knives.jpg,Mouse.jpg
Backpack.jpg,Printer.jpg,Monitor.jpg
Ketchup.jpg,Lipstick.jpg,Calendar.jpg
Nuts.jpg,Lipstick.jpg,Fruit.jpg
Glasses.jpg,Hand Soap.jpg,Sugar.jpg
files.jpg,Calculator.jpg,Canned Food.jpg
Leash.jpg,Soda.jpg,Pen.jpg
Jam.jpg,Beef Jerky.jpg,Clipboards.jpg
Memory Stick.jpg,Hand Mixer.jpg,Lipstick.jpg
Cable.jpg,Leash.jpg,Toilet Paper.jpg
Clothes Hanger.png,Smoothie.jpg,Nuts.jpg
Spoon.jpg,Smoothie.jpg,Ketchup.jpg
Fork.jpg,Chicken Broth.jpg,Toilet Paper.jpg
files.jpg,Yogurt.jpg,Bar.jpg
lemon.jpg,Butter.jpg,Photo Frame.jpg
Salad.jpg,Screw.jpg,Marker.jpg
Books.jpg,Mustard.jpg,Toilet Paper.jpg
Batteries.jpg,Pasta.jpg,Stapler.jpg
Knives.jpg,Mug.jpg,French Fries.jpg
Cable.jpg,Photo Frame.jpg,Hand Soap.jpg
Headphones.jpeg,Matches.jpg,Alarm Clock.jpg
Jacket.jpg,Alarm Clock.jpg,Pins.jpg
Houseplant.jpg,Kettle.jpg,First Aid Kit.jpg
Smoothie.jpg,Pins.jpg,Collar.jpg
Jam.jpg,Cake.jpg,Folders.jpg
Backpack.jpg,Mirror.jpg,Calendar.jpg
Pins.jpg,Marker.jpg,Pasta.jpg
Router.jpg,Salad.jpg,Magnifying Glass.jpg
Stuffed Animal.jpg,books.jpg,Toy Drum Set.jpg
Pins.jpg,Hammer.jpg,Oatmeal.jpg
Pen.jpg,Headphones.jpeg,Trash Bag.jpg
Trash Can.jpg,Eggs.jpg,Mug.jpg
Speaker.jpg,Matches.jpg,Fruit.jpg
Peanut Butter.jpg,Helmet.jpg,Matches.jpg