image_url,image_url2,image_url3,image_url4,image_url5
Shirt.jpg,glasses.jpeg,Mustard.jpg,Soda.jpg,Clothes Hanger.png
Glasses.jpg,Computer.jpg,Bucket.jpg,Toy Drum Set.jpg,Speaker.jpg
Toothbrush.jpg,books.jpg,Pencil Sharpener.jpg,Batteries.jpg,Desk Lamp.jpg
Mug.jpg,Speaker.jpg,Folders.jpg,Notebooks.jpg,Hot Sauce.jpg
Clothes Hanger.png,Photo Frame.jpg,lemon.jpg,Radio.jpg,Tea.jpg
Toy Drum Set.jpg,Eraser.jpg,Salad.jpg,Printer.jpg,Drill.jpg
Salad.jpg,Jam.jpg,Stuffed Animal.jpg,stamp.jpg,Hand Soap.jpg
Calendar.jpg,Clip.jpg,Lightbulb.jpg,Books.jpg,Soda.jpg
orange.jpg,stamp.jpg,Router.jpg,Pins.jpg,Hand Mixer.jpg
Cheese.jpg,Router.jpg,Helmet.jpg,Candles.jpg,Photo Frame.jpg
Fork.jpg,stamp.jpg,Radio.jpg,Pasta.jpg,Paper Clip.jpg
Hammer.jpg,Printer.jpg,Butter.jpg,Speaker.jpg,Chopsticks.jpg
Lipstick.jpg,Sugar.jpg,Olive Oil.jpg,Lightbulb.jpg,Toy Drum Set.jpg
Backpack.jpg,Cookie.jpg,Salad.jpg,Toy Ring.jpg,stamp.jpg
Ethernet Cable.jpg,Peanut Butter.jpg,Cake.jpg,Leash.jpg,Soda.jpg
Lightbulb.jpg,Bread.jpg,Sneaker.jpg,Trash Can.jpg,Router.jpg
Bread.jpg,Jacket.jpg,Nuts.jpg,Lock.jpg,Soda.jpg
carrots.jpg,Clipboards.jpg,stamp.jpg,Butter.jpg,Canned Food.jpg
Books.jpg,Chicken Broth.jpg,Kettle.jpg,Telephones.jpg,Soda.jpg
Speaker.jpg,Salad.jpg,Honey.jpg,Clothes Hanger.png,Stuffed Animal.jpg
Bar.jpg,stamp.jpg,Pan.jpg,Butter.jpg,Computer.jpg
Lipstick.jpg,Jacket.jpg,Honey.jpg,Mug.jpg,Postit Notes.jpg
Bar.jpg,Olive Oil.jpg,Clip.jpg,First Aid Kit.jpg,Canned Food.jpg
Smoothie.jpg,Oven Mitts.jpg,Paper Clip.jpg,Pencil Sharpener.jpg,Pen.jpg
Paper Clip.jpg,Hammer.jpg,Lock.jpg,Computer.jpg,Bread.jpg
Laptop.jpg,Chocolate.jpg,Screwdriver.jpg,Calculator.jpg,Rice.jpg
Notebooks.jpg,Lock.jpg,Tea.jpg,Hand Mixer.jpg,Glasses.jpg
Speaker.jpg,Peanut Butter.jpg,Rice.jpg,Clothes Hanger.png,French Fries.jpg
Stuffed Animal.jpg,Fork.jpg,Lipstick.jpg,Clothes Hanger.png,First Aid Kit.jpg
Scissors.jpg,Ice Cream.jpg,Hand Soap.jpg,Eraser.jpg,Rice.jpg
Cereal.jpg,Eggs.jpg,Fork.jpg,Calendar.jpg,Cereal.jpg
Folders.jpg,Collar.jpg,Cake.jpg,glasses.jpeg,Smoothie.jpg
Clip.jpg,Folders.jpg,Calculator.jpg,Peanut Butter.jpg,Keyboard.jpg
Comb.png,Hand Soap.jpg,Clipboards.jpg,Knives.jpg,Smoothie.jpg
Pencils.jpg,Printer.jpg,Headphones.jpeg,Exit Sign.jpg,Mustard.jpg
Cereal.jpg,Cookie.jpg,lemon.jpg,Bread.jpg,Eraser.jpg
Candles.jpg,Smoothie.jpg,Butter.jpg,Sneaker.jpg,Eggs.jpg
Glasses.jpg,Lightbulb.jpg,Telephones.jpg,Leash.jpg,Eraser.jpg
Monitor.jpg,Collar.jpg,books.jpg,Monitor.jpg,Bread.jpg
carrots.jpg,Batteries.jpg,Mustard.jpg,Hammer.jpg,Trash Can.jpg
Ketchup.jpg,Bread.jpg,Mug.jpg,files.jpg,Books.jpg
Backpack.jpg,Sneaker.jpg,Ketchup.jpg,Lightbulb.jpg,Trash Can.jpg
Lipstick.jpg,carrots.jpg,Cheese.jpg,Matches.jpg,Mirror.jpg
Marker.jpg,Pen.jpg,Spoon.jpg,Keyboard.jpg,Screwdriver.jpg
Speaker.jpg,Sneaker.jpg,glasses.jpeg,Jacket.jpg,Fan.jpg
Milk.jpg,Eggs.jpg,Knives.jpg,Toy Ring.jpg,Beef Jerky.jpg
Matches.jpg,Radio.jpg,Nuts.jpg,Hot Sauce.jpg,Cereal.jpg
Ice Cream.jpg,Olive Oil.jpg,carrots.jpg,Folders.jpg,Glasses.jpg
Speaker.jpg,Keys.jpg,Mouse.jpg,Computer.jpg,lemon.jpg
lemon.jpg,Ketchup.jpg,Folders.jpg,Keys.jpg,Collar.jpg
Chocolate.jpg,Lock.jpg,Cereal.jpg,Toy Ring.jpg,Scissors.jpg
Bucket.jpg,Desk Lamp.jpg,Mug.jpg,Trash Can.jpg,Houseplant.jpg
Screwdriver.jpg,Houseplant.jpg,Soda.jpg,Candles.jpg,Alarm Clock.jpg
Speaker.jpg,Smoothie.jpg,Pasta.jpg,stamp.jpg,Calendar.jpg
Trash Can.jpg,Jam.jpg,Jacket.jpg,Matches.jpg,First Aid Kit.jpg
Stuffed Animal.jpg,Fruit.jpg,Tea.jpg,Oatmeal.jpg,Scissors.jpg
Router.jpg,milk.jpg,pink hat.jpeg,Cookie.jpg,Trash Bag.jpg
Photo Frame.jpg,Kettle.jpg,Folders.jpg,orange.jpg,Milk.jpg
Milk.jpg,Chicken Broth.jpg,Monitor.jpg,First Aid Kit.jpg,Jacket.jpg
Calendar.jpg,Chopsticks.jpg,Marker.jpg,Glasses.jpg,Pasta.jpg
Salt.jpg,Ketchup.jpg,Pen.jpg,Spoon.jpg,French Fries.jpg
Pins.jpg,Hot Sauce.jpg,Sugar.jpg,Chicken Broth.jpg,Chips.jpg
Salt.jpg,Nuts.jpg,Canned Food.jpg,Books.jpg,Comb.png
Alarm Clock.jpg,Eraser.jpg,Toy Drum Set.jpg,Helmet.jpg,Cheese.jpg
Pins.jpg,Chicken Broth.jpg,Keyboard.jpg,Backpack.jpg,Chips.jpg
Books.jpg,Mustard.jpg,Yogurt.jpg,Drill.jpg,Clip.jpg
Hand Mixer.jpg,Beef Jerky.jpg,Eggs.jpg,Lightbulb.jpg,Beef Jerky.jpg
Canned Food.jpg,Matches.jpg,Hand Mixer.jpg,Trash Bag.jpg,Drill.jpg
Lightbulb.jpg,Fan.jpg,Mirror.jpg,Oatmeal.jpg,Comb.png
Spoon.jpg,Magnifying Glass.jpg,Yogurt.jpg,Milk.jpg,Toilet Paper.jpg
Rice.jpg,Ethernet Cable.jpg,Canned Food.jpg,Monitor.jpg,Beef Jerky.jpg
Hand Mixer.jpg,Lightbulb.jpg,Notebooks.jpg,Router.jpg,Collar.jpg
Helmet.jpg,Cookie.jpg,Ketchup.jpg,Monitor.jpg,Clipboards.jpg
Eraser.jpg,Canned Food.jpg,Screw.jpg,Lipstick.jpg,Computer.jpg
Salt.jpg,Cookie.jpg,Rice.jpg,Yogurt.jpg,Pen.jpg
Pencils.jpg,Chicken Broth.jpg,Speaker.jpg,Houseplant.jpg,Scissors.jpg
Coffee.jpg,Ethernet Cable.jpg,Smoothie.jpg,Cheese.jpg,Toilet Paper.jpg
Hand Mixer.jpg,Toy Ring.jpg,Canned Food.jpg,Toy Ring.jpg,Folders.jpg
Cookie.jpg,Keyboard.jpg,Exit Sign.jpg,Mug.jpg,Ruler.jpg
Fork.jpg,Pasta.jpg,Honey.jpg,Jacket.jpg,Toy Ring.jpg
Memory Stick.jpg,Drill.jpg,Smoothie.jpg,Bucket.jpg,Screwdriver.jpg
Folders.jpg,Fan.jpg,Matches.jpg,Candles.jpg,Cake.jpg
Hand Mixer.jpg,Cereal.jpg,Olive Oil.jpg,Leash.jpg,Notebooks.jpg
Hot Sauce.jpg,Drill.jpg,Notebooks.jpg,Collar.jpg,Houseplant.jpg
Peanut Butter.jpg,Screw.jpg,Chips.jpg,Chocolate.jpg,Cake.jpg
Chopsticks.jpg,Clipboards.jpg,Hot Sauce.jpg,Mustard.jpg,Sneaker.jpg
Laptop.jpg,Photo Frame.jpg,Comb.png,Pencil Sharpener.jpg,glasses.jpeg
Clipboards.jpg,Fan.jpg,First Aid Kit.jpg,Folders.jpg,Sneaker.jpg
Bread.jpg,Mirror.jpg,Oven Mitts.jpg,Cookie.jpg,Beef Jerky.jpg
Mouse.jpg,Cookie.jpg,Ice Cream.jpg,Smoothie.jpg,Oatmeal.jpg
Marker.jpg,Jam.jpg,Postit Notes.jpg,Toy Drum Set.jpg,Pencil Sharpener.jpg
Screw.jpg,Kettle.jpg,Soda.jpg,Keys.jpg,Lightbulb.jpg
orange.jpg,Chicken Broth.jpg,Comb.png,Clothes Hanger.png,Mirror.jpg
Fan.jpg,Cake.jpg,Bucket.jpg,Kettle.jpg,Desk Lamp.jpg
Ketchup.jpg,Ice Cream.jpg,Hamburger.jpg,glasses.jpeg,Toothbrush.jpg
Coffee.jpg,Router.jpg,Sugar.jpg,files.jpg,Alarm Clock.jpg
Photo Frame.jpg,Pins.jpg,Coffee.jpg,Ketchup.jpg,Comb.png
Photo Frame.jpg,broccoli.jpg,Books.jpg,Trash Can.jpg,Jacket.jpg
Hand Mixer.jpg,French Fries.jpg,Shirt.jpg,Toy Ring.jpg,Postit Notes.jpg
Keys.jpg,Glasses.jpg,Knives.jpg,Printer.jpg,Screw.jpg