"coffee_sweetener,barrys_tea","rice_krispies_cereal,ritz_crackers,barrys_tea"
"dr_pepper,sprite","rice_krispies_cereal,ritz_crackers,barrys_tea,coffee_sweetener,sprite"
"coke,dr_pepper","rice_krispies_cereal,ritz_crackers,barrys_tea,coffee_sweetener,sprite,dr_pepper"
"noodle_packet,campbells_soup","rice_krispies_cereal,ritz_crackers,barrys_tea,coffee_sweetener,sprite,dr_pepper,coke,campbells_soup"
"banana,orange","rice_krispies_cereal,ritz_crackers,barrys_tea,coffee_sweetener,sprite,dr_pepper,coke,campbells_soup,noodle_packet,orange"
"ritz_crackers,rice_krispies_cereal",rice_krispies_cereal
"nutella,jam","rice_krispies_cereal,ritz_crackers,rice_krispies_cereal,jam"
"campbells_soup,nutella","rice_krispies_cereal,ritz_crackers,rice_krispies_cereal,jam,nutella"
"orange,banana","rice_krispies_cereal,ritz_crackers,rice_krispies_cereal,jam,nutella,campbells_soup,carrots,banana"
"butter,ritz_crackers","rice_krispies_cereal,ritz_crackers,rice_krispies_cereal,jam,nutella,campbells_soup,carrots,banana,orange,ginger"
"noodle_packet,butter","rice_krispies_cereal,ritz_crackers,rice_krispies_cereal,jam,nutella,campbells_soup,carrots,banana,orange,ginger,butter"
"campbells_soup,sweet_corn",sweet_corn
"nilla_biscuits,rice_krispies_cereal","sweet_corn,campbells_soup,sweet_corn,orange,ginger,rice_krispies_cereal"
"ritz_crackers,nilla_biscuits","sweet_corn,campbells_soup,sweet_corn,orange,ginger,rice_krispies_cereal,nilla_biscuits"
"jam,peanut_butter","sweet_corn,campbells_soup,sweet_corn,orange,ginger,rice_krispies_cereal,nilla_biscuits,ritz_crackers,peanut_butter"
"sprite,coke","sweet_corn,campbells_soup,sweet_corn,orange,ginger,rice_krispies_cereal,nilla_biscuits,ritz_crackers,peanut_butter,jam,coke"
"noodle_packet,campbells_soup","sweet_corn,campbells_soup,sweet_corn,orange,ginger,rice_krispies_cereal,nilla_biscuits,ritz_crackers,peanut_butter,jam,coke,sprite"
"orange,banana","honey_oat_cereal,ritz_crackers,banana"
"campbells_soup,sweet_corn","honey_oat_cereal,ritz_crackers,banana,orange,sweet_corn"
"chili,campbells_soup","honey_oat_cereal,ritz_crackers,banana,orange,sweet_corn,campbells_soup"
"nutella,jam","honey_oat_cereal,ritz_crackers,banana,orange,sweet_corn,campbells_soup,chili,jam"
"banana,orange","peanut_butter,orange"
"jam,peanut_butter","peanut_butter,orange,banana"
"sweet_peas,campbells_soup","peanut_butter,orange,banana,jam,peanut_butter,campbells_soup"
"wheat_thins,honey_oat_cereal","peanut_butter,orange,banana,jam,peanut_butter,campbells_soup,sweet_peas,honey_oat_cereal"
"wheat_thins,nilla_biscuits",nilla_biscuits
"peanut_butter,nutella","nilla_biscuits,wheat_thins,nilla_biscuits,nutella"
"jam,peanut_butter","nilla_biscuits,wheat_thins,nilla_biscuits,nutella,peanut_butter"
"sweet_corn,jam","nilla_biscuits,wheat_thins,nilla_biscuits,nutella,peanut_butter,jam"
"oatmeal,sweet_corn","nilla_biscuits,wheat_thins,nilla_biscuits,nutella,peanut_butter,jam,sweet_corn"
"apple,orange","nilla_biscuits,wheat_thins,nilla_biscuits,nutella,peanut_butter,jam,sweet_corn,oatmeal,orange"
"barrys_tea,nilla_biscuits","nilla_biscuits,wheat_thins,nilla_biscuits,nutella,peanut_butter,jam,sweet_corn,oatmeal,orange,apple"
"dr_pepper,coke","barrys_tea,coke"
"fanta,coke","barrys_tea,coke,dr_pepper"
"sprite,dr_pepper","barrys_tea,coke,dr_pepper,fanta"
"apple,orange","barrys_tea,coke,dr_pepper,fanta,sprite,ritz_crackers,noodle_packet,orange"
"banana,apple","barrys_tea,coke,dr_pepper,fanta,sprite,ritz_crackers,noodle_packet,orange,apple"
"campbells_soup,noodle_packet","barrys_tea,coke,dr_pepper,fanta,sprite,ritz_crackers,noodle_packet,orange,apple,banana"
"sweet_corn,chili",chili
"campbells_soup,sweet_corn","chili,sweet_corn,chili"
"jam,campbells_soup","chili,sweet_corn,chili,campbells_soup"
"honey_oat_cereal,ritz_crackers","chili,sweet_corn,chili,campbells_soup,jam,noodle_packet,butter,ritz_crackers"
"wheat_thins,honey_oat_cereal","chili,sweet_corn,chili,campbells_soup,jam,noodle_packet,butter,ritz_crackers,honey_oat_cereal"
"coffee_sweetener,wheat_thins","chili,sweet_corn,chili,campbells_soup,jam,noodle_packet,butter,ritz_crackers,honey_oat_cereal,wheat_thins"
"fanta,sprite","chili,sweet_corn,chili,campbells_soup,jam,noodle_packet,butter,ritz_crackers,honey_oat_cereal,wheat_thins,coffee_sweetener,sprite"
"jam,nutella",nutella
"campbells_soup,sweet_peas","nutella,jam,sweet_peas"
"coke,fanta","nutella,jam,sweet_peas,campbells_soup,fanta"
"peanut_butter,jam","nutella,jam,sweet_peas,campbells_soup,fanta,coke"
"ritz_crackers,barrys_tea",barrys_tea
"nilla_biscuits,ritz_crackers","barrys_tea,ritz_crackers,barrys_tea"
"wheat_thins,oatmeal","barrys_tea,ritz_crackers,barrys_tea,nilla_biscuits,oatmeal"
"apple,banana","barrys_tea,ritz_crackers,barrys_tea,nilla_biscuits,oatmeal,wheat_thins,peanut_butter,banana"
"sweet_corn,campbells_soup","oatmeal,wheat_thins,campbells_soup"
"chili,sweet_corn","oatmeal,wheat_thins,campbells_soup,sweet_corn"
"dr_pepper,sprite","oatmeal,wheat_thins,campbells_soup,sweet_corn,chili,sprite"
"sweet_peas,chili","oatmeal,wheat_thins,campbells_soup,sweet_corn,chili,sprite,dr_pepper"
"peanut_butter,oatmeal","oatmeal,wheat_thins,campbells_soup,sweet_corn,chili,sprite,dr_pepper,sweet_peas"
"banana,apple","oatmeal,wheat_thins,campbells_soup,sweet_corn,chili,sprite,dr_pepper,sweet_peas,peanut_butter,oatmeal,nutella,apple"
"honey_oat_cereal,rice_krispies_cereal",rice_krispies_cereal
"dr_pepper,sprite","rice_krispies_cereal,honey_oat_cereal,rice_krispies_cereal,sprite"
"ritz_crackers,honey_oat_cereal","rice_krispies_cereal,honey_oat_cereal,rice_krispies_cereal,sprite,dr_pepper"
"barrys_tea,ritz_crackers","rice_krispies_cereal,honey_oat_cereal,rice_krispies_cereal,sprite,dr_pepper,ritz_crackers"
"apple,banana","rice_krispies_cereal,honey_oat_cereal,rice_krispies_cereal,sprite,dr_pepper,ritz_crackers,barrys_tea,banana"
"orange,apple","rice_krispies_cereal,honey_oat_cereal,rice_krispies_cereal,sprite,dr_pepper,ritz_crackers,barrys_tea,banana,apple"
"noodle_packet,barrys_tea","rice_krispies_cereal,honey_oat_cereal,rice_krispies_cereal,sprite,dr_pepper,ritz_crackers,barrys_tea,banana,apple,orange,campbells_soup"
"ritz_crackers,honey_oat_cereal",honey_oat_cereal
"barrys_tea,coffee_sweetener","honey_oat_cereal,ritz_crackers,honey_oat_cereal,coffee_sweetener"
"oatmeal,barrys_tea","honey_oat_cereal,ritz_crackers,honey_oat_cereal,coffee_sweetener,barrys_tea"
"jam,oatmeal","honey_oat_cereal,ritz_crackers,honey_oat_cereal,coffee_sweetener,barrys_tea,oatmeal"
"peanut_butter,jam","honey_oat_cereal,ritz_crackers,honey_oat_cereal,coffee_sweetener,barrys_tea,oatmeal,jam"
"chili,peanut_butter","honey_oat_cereal,ritz_crackers,honey_oat_cereal,coffee_sweetener,barrys_tea,oatmeal,jam,peanut_butter"
"campbells_soup,chili","honey_oat_cereal,ritz_crackers,honey_oat_cereal,coffee_sweetener,barrys_tea,oatmeal,jam,peanut_butter,chili"
"sprite,dr_pepper","honey_oat_cereal,ritz_crackers,honey_oat_cereal,coffee_sweetener,barrys_tea,oatmeal,jam,peanut_butter,chili,campbells_soup,dr_pepper"
"orange,banana","honey_oat_cereal,ritz_crackers,honey_oat_cereal,coffee_sweetener,barrys_tea,oatmeal,jam,peanut_butter,chili,campbells_soup,dr_pepper,sprite,noodle_packet,banana"
"nilla_biscuits,honey_oat_cereal",honey_oat_cereal
"wheat_thins,nilla_biscuits","honey_oat_cereal,nilla_biscuits,honey_oat_cereal"
"nutella,peanut_butter","honey_oat_cereal,nilla_biscuits,honey_oat_cereal,wheat_thins,oatmeal,campbells_soup,peanut_butter"
"noodle_packet,wheat_thins","honey_oat_cereal,nilla_biscuits,honey_oat_cereal,wheat_thins,oatmeal,campbells_soup,peanut_butter,nutella"
"banana,orange","honey_oat_cereal,nilla_biscuits,honey_oat_cereal,wheat_thins,oatmeal,campbells_soup,peanut_butter,nutella,noodle_packet,orange"
"honey_oat_cereal,rice_krispies_cereal",rice_krispies_cereal
"fanta,sprite","rice_krispies_cereal,honey_oat_cereal,rice_krispies_cereal,sprite"
"wheat_thins,ritz_crackers","rice_krispies_cereal,honey_oat_cereal,rice_krispies_cereal,sprite,fanta,ritz_crackers"
"noodle_packet,campbells_soup","rice_krispies_cereal,honey_oat_cereal,rice_krispies_cereal,sprite,fanta,ritz_crackers,wheat_thins,campbells_soup"
"orange,banana","rice_krispies_cereal,honey_oat_cereal,rice_krispies_cereal,sprite,fanta,ritz_crackers,wheat_thins,campbells_soup,noodle_packet,banana"
"peanut_butter,wheat_thins","rice_krispies_cereal,honey_oat_cereal,rice_krispies_cereal,sprite,fanta,ritz_crackers,wheat_thins,campbells_soup,noodle_packet,banana,orange"
"jam,peanut_butter","rice_krispies_cereal,honey_oat_cereal,rice_krispies_cereal,sprite,fanta,ritz_crackers,wheat_thins,campbells_soup,noodle_packet,banana,orange,peanut_butter"
"oatmeal,honey_oat_cereal","rice_krispies_cereal,honey_oat_cereal,rice_krispies_cereal,sprite,fanta,ritz_crackers,wheat_thins,campbells_soup,noodle_packet,banana,orange,peanut_butter,jam"
"fanta,sprite",sprite
"sweet_corn,campbells_soup","sprite,fanta,sprite,campbells_soup"
"jam,sweet_corn","sprite,fanta,sprite,campbells_soup,sweet_corn,peanut_butter"
"orange,banana","sprite,fanta,sprite,campbells_soup,sweet_corn,peanut_butter,jam,banana"
"coffee_sweetener,rice_krispies_cereal","sprite,fanta,sprite,campbells_soup,sweet_corn,peanut_butter,jam,banana,orange,rice_krispies_cereal"
"ritz_crackers,wheat_thins","sprite,fanta,sprite,campbells_soup,sweet_corn,peanut_butter,jam,banana,orange,rice_krispies_cereal,coffee_sweetener,wheat_thins"
"wheat_thins,barrys_tea",barrys_tea
"coffee_sweetener,ritz_crackers","barrys_tea,wheat_thins,barrys_tea,ritz_crackers"
"oatmeal,coffee_sweetener","barrys_tea,wheat_thins,barrys_tea,ritz_crackers,coffee_sweetener"
"chili,sweet_peas","barrys_tea,wheat_thins,barrys_tea,ritz_crackers,coffee_sweetener,oatmeal,sweet_peas"
"campbells_soup,chili","barrys_tea,wheat_thins,barrys_tea,ritz_crackers,coffee_sweetener,oatmeal,sweet_peas,chili"
"orange,banana","barrys_tea,wheat_thins,barrys_tea,ritz_crackers,coffee_sweetener,oatmeal,sweet_peas,chili,campbells_soup,banana"
"noodle_packet,campbells_soup","barrys_tea,wheat_thins,barrys_tea,ritz_crackers,coffee_sweetener,oatmeal,sweet_peas,chili,campbells_soup,banana,orange"
"wheat_thins,rice_krispies_cereal",rice_krispies_cereal
"oatmeal,wheat_thins","rice_krispies_cereal,wheat_thins,rice_krispies_cereal"
"sweet_peas,sweet_corn","rice_krispies_cereal,wheat_thins,rice_krispies_cereal,oatmeal,sweet_corn"
"peanut_butter,sweet_peas","rice_krispies_cereal,wheat_thins,rice_krispies_cereal,oatmeal,sweet_corn,sweet_peas"
"noodle_packet,peanut_butter","rice_krispies_cereal,wheat_thins,rice_krispies_cereal,oatmeal,sweet_corn,sweet_peas,peanut_butter"
"sprite,fanta","rice_krispies_cereal,wheat_thins,rice_krispies_cereal,oatmeal,sweet_corn,sweet_peas,peanut_butter,noodle_packet,orange,fanta"
"ritz_crackers,wheat_thins",wheat_thins
"nilla_biscuits,wheat_thins","wheat_thins,ritz_crackers,wheat_thins"
"sweet_corn,oatmeal","wheat_thins,ritz_crackers,wheat_thins,nilla_biscuits,oatmeal"
"peanut_butter,sweet_corn","wheat_thins,ritz_crackers,wheat_thins,nilla_biscuits,oatmeal,sweet_corn"
"jam,peanut_butter","wheat_thins,ritz_crackers,wheat_thins,nilla_biscuits,oatmeal,sweet_corn,peanut_butter"
"sprite,fanta","wheat_thins,ritz_crackers,wheat_thins,nilla_biscuits,oatmeal,sweet_corn,peanut_butter,jam,fanta"
"noodle_packet,nilla_biscuits","wheat_thins,ritz_crackers,wheat_thins,nilla_biscuits,oatmeal,sweet_corn,peanut_butter,jam,fanta,sprite"
"orange,banana","wheat_thins,ritz_crackers,wheat_thins,nilla_biscuits,oatmeal,sweet_corn,peanut_butter,jam,fanta,sprite,noodle_packet,nutella,ginger,banana"
"fanta,dr_pepper","ritz_crackers,honey_oat_cereal,barrys_tea,dr_pepper"
"orange,banana","ritz_crackers,honey_oat_cereal,barrys_tea,dr_pepper,fanta,campbells_soup,nutella,jam,banana"
"sprite,fanta","ritz_crackers,honey_oat_cereal,barrys_tea,dr_pepper,fanta,campbells_soup,nutella,jam,banana,orange"
"honey_oat_cereal,rice_krispies_cereal",rice_krispies_cereal
"apple,banana","rice_krispies_cereal,honey_oat_cereal,rice_krispies_cereal,coffee_sweetener,banana"
"campbells_soup,ritz_crackers","rice_krispies_cereal,honey_oat_cereal,rice_krispies_cereal,coffee_sweetener,banana,apple,ritz_crackers"
"dr_pepper,coke","rice_krispies_cereal,honey_oat_cereal,rice_krispies_cereal,coffee_sweetener,banana,apple,ritz_crackers,campbells_soup,coke"
"fanta,coke","rice_krispies_cereal,honey_oat_cereal,rice_krispies_cereal,coffee_sweetener,banana,apple,ritz_crackers,campbells_soup,coke,dr_pepper"
"sprite,dr_pepper","rice_krispies_cereal,honey_oat_cereal,rice_krispies_cereal,coffee_sweetener,banana,apple,ritz_crackers,campbells_soup,coke,dr_pepper,fanta"
"honey_oat_cereal,rice_krispies_cereal",rice_krispies_cereal
"dr_pepper,sprite","rice_krispies_cereal,honey_oat_cereal,rice_krispies_cereal,coffee_sweetener,sprite"
"fanta,dr_pepper","rice_krispies_cereal,honey_oat_cereal,rice_krispies_cereal,coffee_sweetener,sprite,dr_pepper"
"noodle_packet,campbells_soup","rice_krispies_cereal,honey_oat_cereal,rice_krispies_cereal,coffee_sweetener,sprite,dr_pepper,fanta,campbells_soup,ritz_crackers"
"orange,banana","rice_krispies_cereal,honey_oat_cereal,rice_krispies_cereal,coffee_sweetener,sprite,dr_pepper,fanta,campbells_soup,ritz_crackers,noodle_packet,banana"
"coffee_sweetener,barrys_tea","rice_krispies_cereal,ritz_crackers,noodle_packet,barrys_tea"
"banana,orange","rice_krispies_cereal,ritz_crackers,noodle_packet,barrys_tea,coffee_sweetener,orange"
"coke,fanta","rice_krispies_cereal,ritz_crackers,noodle_packet,barrys_tea,coffee_sweetener,orange,banana,fanta"
"dr_pepper,coke","rice_krispies_cereal,ritz_crackers,noodle_packet,barrys_tea,coffee_sweetener,orange,banana,fanta,coke"
"sprite,dr_pepper","rice_krispies_cereal,ritz_crackers,noodle_packet,barrys_tea,coffee_sweetener,orange,banana,fanta,coke,dr_pepper"
"dr_pepper,sprite",sprite
"banana,orange","sprite,dr_pepper,sprite,orange"
"chili,campbells_soup","sprite,dr_pepper,sprite,orange,banana,campbells_soup"
"nutella,peanut_butter","sprite,dr_pepper,sprite,orange,banana,campbells_soup,chili,sweet_peas,peanut_butter"
"wheat_thins,honey_oat_cereal","sprite,dr_pepper,sprite,orange,banana,campbells_soup,chili,sweet_peas,peanut_butter,nutella,rice_krispies_cereal,honey_oat_cereal"
"wheat_thins,rice_krispies_cereal",rice_krispies_cereal
"oatmeal,wheat_thins","rice_krispies_cereal,wheat_thins,rice_krispies_cereal"
"coffee_sweetener,barrys_tea","rice_krispies_cereal,wheat_thins,rice_krispies_cereal,oatmeal,barrys_tea"
"jam,nutella","rice_krispies_cereal,wheat_thins,rice_krispies_cereal,oatmeal,barrys_tea,coffee_sweetener,chili,nutella"
"barrys_tea,coffee_sweetener","oatmeal,sweet_corn,nilla_biscuits,coffee_sweetener"
"peanut_butter,oatmeal","oatmeal,sweet_corn,nilla_biscuits,coffee_sweetener,barrys_tea"
"jam,peanut_butter","oatmeal,sweet_corn,nilla_biscuits,coffee_sweetener,barrys_tea,peanut_butter,oatmeal"
"noodle_packet,sweet_corn","oatmeal,sweet_corn,nilla_biscuits,coffee_sweetener,barrys_tea,peanut_butter,oatmeal,jam"
"nutella,jam","oatmeal,sweet_corn,nilla_biscuits,coffee_sweetener,barrys_tea,peanut_butter,oatmeal,jam,noodle_packet"
"orange,apple","oatmeal,sweet_corn,nilla_biscuits,coffee_sweetener,barrys_tea,peanut_butter,oatmeal,jam,noodle_packet,nutella,apple"
"wheat_thins,nilla_biscuits",nilla_biscuits
"ritz_crackers,wheat_thins","nilla_biscuits,wheat_thins,nilla_biscuits"
"barrys_tea,ritz_crackers","nilla_biscuits,wheat_thins,nilla_biscuits,ritz_crackers"
"jam,sprite","nilla_biscuits,wheat_thins,nilla_biscuits,ritz_crackers,barrys_tea,sprite"
"oatmeal,barrys_tea","nilla_biscuits,wheat_thins,nilla_biscuits,ritz_crackers,barrys_tea,sprite,jam"
"chili,jam","nilla_biscuits,wheat_thins,nilla_biscuits,ritz_crackers,barrys_tea,sprite,jam,oatmeal"
"fanta,chili","nilla_biscuits,wheat_thins,nilla_biscuits,ritz_crackers,barrys_tea,sprite,jam,oatmeal,chili"
"dr_pepper,fanta","nilla_biscuits,wheat_thins,nilla_biscuits,ritz_crackers,barrys_tea,sprite,jam,oatmeal,chili,fanta"
"ginger,orange","nilla_biscuits,wheat_thins,nilla_biscuits,ritz_crackers,barrys_tea,sprite,jam,oatmeal,chili,fanta,dr_pepper,orange"
"banana,ginger","nilla_biscuits,wheat_thins,nilla_biscuits,ritz_crackers,barrys_tea,sprite,jam,oatmeal,chili,fanta,dr_pepper,orange,ginger"
"honey_oat_cereal,rice_krispies_cereal",rice_krispies_cereal
"barrys_tea,coffee_sweetener","rice_krispies_cereal,honey_oat_cereal,rice_krispies_cereal,coffee_sweetener"
"dr_pepper,coke","rice_krispies_cereal,honey_oat_cereal,rice_krispies_cereal,coffee_sweetener,barrys_tea,ritz_crackers,coke"
"orange,banana","rice_krispies_cereal,honey_oat_cereal,rice_krispies_cereal,coffee_sweetener,barrys_tea,ritz_crackers,coke,dr_pepper,banana"
"campbells_soup,noodle_packet","rice_krispies_cereal,honey_oat_cereal,rice_krispies_cereal,coffee_sweetener,barrys_tea,ritz_crackers,coke,dr_pepper,banana,orange,noodle_packet"
"fanta,sprite",sprite
"campbells_soup,chili","sprite,fanta,sprite,chili"
"nilla_biscuits,wheat_thins","sprite,fanta,sprite,chili,campbells_soup,oatmeal,wheat_thins"
"noodle_packet,carrots","sprite,fanta,sprite,chili,campbells_soup,oatmeal,wheat_thins,nilla_biscuits,carrots"
"barrys_tea,nilla_biscuits","rice_krispies_cereal,nilla_biscuits"
"peanut_butter,barrys_tea","rice_krispies_cereal,nilla_biscuits,barrys_tea"
"jam,peanut_butter","rice_krispies_cereal,nilla_biscuits,barrys_tea,peanut_butter"
"chili,jam","rice_krispies_cereal,nilla_biscuits,barrys_tea,peanut_butter,jam"
"fanta,chili","rice_krispies_cereal,nilla_biscuits,barrys_tea,peanut_butter,jam,chili"
"sprite,fanta","rice_krispies_cereal,nilla_biscuits,barrys_tea,peanut_butter,jam,chili,fanta"
"orange,apple","rice_krispies_cereal,nilla_biscuits,barrys_tea,peanut_butter,jam,chili,fanta,sprite,noodle_packet,apple"
"banana,orange","rice_krispies_cereal,nilla_biscuits,barrys_tea,peanut_butter,jam,chili,fanta,sprite,noodle_packet,apple,orange"
"nilla_biscuits,oatmeal",oatmeal
"ritz_crackers,nilla_biscuits","oatmeal,nilla_biscuits,oatmeal"
"coffee_sweetener,ritz_crackers","oatmeal,nilla_biscuits,oatmeal,ritz_crackers"
"sweet_corn,sweet_peas","oatmeal,nilla_biscuits,oatmeal,ritz_crackers,coffee_sweetener,peanut_butter,sweet_peas"
"barrys_tea,coffee_sweetener","oatmeal,nilla_biscuits,oatmeal,ritz_crackers,coffee_sweetener,peanut_butter,sweet_peas,sweet_corn"
"coke,sprite","oatmeal,nilla_biscuits,oatmeal,ritz_crackers,coffee_sweetener,peanut_butter,sweet_peas,sweet_corn,barrys_tea,sprite"
"orange,oatmeal","oatmeal,nilla_biscuits,oatmeal,ritz_crackers,coffee_sweetener,peanut_butter,sweet_peas,sweet_corn,barrys_tea,sprite,coke"
"noodle_packet,sweet_peas","oatmeal,nilla_biscuits,oatmeal,ritz_crackers,coffee_sweetener,peanut_butter,sweet_peas,sweet_corn,barrys_tea,sprite,coke,orange,banana"
"carrots,sweet_corn","oatmeal,nilla_biscuits,oatmeal,ritz_crackers,coffee_sweetener,peanut_butter,sweet_peas,sweet_corn,barrys_tea,sprite,coke,orange,banana,noodle_packet"
"fanta,sprite",sprite
"jam,peanut_butter","sprite,fanta,sprite,peanut_butter"
"campbells_soup,sweet_corn","sprite,fanta,sprite,peanut_butter,jam,sweet_corn"
"butter,barrys_tea","sprite,fanta,sprite,peanut_butter,jam,sweet_corn,campbells_soup,barrys_tea"
"orange,sweet_peas","sprite,fanta,sprite,peanut_butter,jam,sweet_corn,campbells_soup,barrys_tea,butter,honey_oat_cereal,oatmeal,sweet_peas,noodle_packet"
"chili,campbells_soup",campbells_soup
"jam,peanut_butter","campbells_soup,chili,campbells_soup,peanut_butter"
"nilla_biscuits,coffee_sweetener","campbells_soup,chili,campbells_soup,peanut_butter,jam,coffee_sweetener"
"ritz_crackers,nilla_biscuits","campbells_soup,chili,campbells_soup,peanut_butter,jam,coffee_sweetener,nilla_biscuits"
"sprite,coke","campbells_soup,chili,campbells_soup,peanut_butter,jam,coffee_sweetener,nilla_biscuits,ritz_crackers,coke"
"sweet_corn,chili","campbells_soup,chili,campbells_soup,peanut_butter,jam,coffee_sweetener,nilla_biscuits,ritz_crackers,coke,sprite"
"noodle_packet,ritz_crackers","campbells_soup,chili,campbells_soup,peanut_butter,jam,coffee_sweetener,nilla_biscuits,ritz_crackers,coke,sprite,sweet_corn"
"ritz_crackers,nilla_biscuits",nilla_biscuits
"barrys_tea,ritz_crackers","nilla_biscuits,ritz_crackers,nilla_biscuits"
"sweet_peas,sweet_corn","nilla_biscuits,ritz_crackers,nilla_biscuits,barrys_tea,sweet_corn"
"peanut_butter,jam","nilla_biscuits,ritz_crackers,nilla_biscuits,barrys_tea,sweet_corn,sweet_peas,jam"
"noodle_packet,sweet_corn","nilla_biscuits,ritz_crackers,nilla_biscuits,barrys_tea,sweet_corn,sweet_peas,jam,peanut_butter"
"carrots,sweet_peas","nilla_biscuits,ritz_crackers,nilla_biscuits,barrys_tea,sweet_corn,sweet_peas,jam,peanut_butter,noodle_packet"
"ginger,carrots","nilla_biscuits,ritz_crackers,nilla_biscuits,barrys_tea,sweet_corn,sweet_peas,jam,peanut_butter,noodle_packet,carrots,banana"
"orange,banana","nilla_biscuits,ritz_crackers,nilla_biscuits,barrys_tea,sweet_corn,sweet_peas,jam,peanut_butter,noodle_packet,carrots,banana,ginger"
"nutella,peanut_butter","nilla_biscuits,ritz_crackers,nilla_biscuits,barrys_tea,sweet_corn,sweet_peas,jam,peanut_butter,noodle_packet,carrots,banana,ginger,orange"
"fanta,sprite","nilla_biscuits,ritz_crackers,nilla_biscuits,barrys_tea,sweet_corn,sweet_peas,jam,peanut_butter,noodle_packet,carrots,banana,ginger,orange,nutella,sprite"
"coffee_sweetener,wheat_thins","rice_krispies_cereal,wheat_thins"
"sweet_peas,campbells_soup","rice_krispies_cereal,wheat_thins,coffee_sweetener,oatmeal,campbells_soup"
"sweet_corn,sweet_peas","rice_krispies_cereal,wheat_thins,coffee_sweetener,oatmeal,campbells_soup,sweet_peas"
"banana,orange","rice_krispies_cereal,wheat_thins,coffee_sweetener,oatmeal,campbells_soup,sweet_peas,sweet_corn,orange"
"nutella,peanut_butter","rice_krispies_cereal,wheat_thins,coffee_sweetener,oatmeal,campbells_soup,sweet_peas,sweet_corn,orange,banana,peanut_butter"
"ritz_crackers,honey_oat_cereal",honey_oat_cereal
"coffee_sweetener,ritz_crackers","honey_oat_cereal,ritz_crackers"
"chili,sweet_corn","honey_oat_cereal,ritz_crackers,coffee_sweetener,sweet_corn"
"peanut_butter,coffee_sweetener","honey_oat_cereal,ritz_crackers,coffee_sweetener,sweet_corn,chili"
"noodle_packet,sweet_corn","honey_oat_cereal,ritz_crackers,coffee_sweetener,sweet_corn,chili,peanut_butter"
"orange,banana","honey_oat_cereal,ritz_crackers,coffee_sweetener,sweet_corn,chili,peanut_butter,noodle_packet,banana"
"fanta,sprite","honey_oat_cereal,ritz_crackers,coffee_sweetener,sweet_corn,chili,peanut_butter,noodle_packet,banana,orange,sprite"
"ginger,chili","honey_oat_cereal,ritz_crackers,coffee_sweetener,sweet_corn,chili,peanut_butter,noodle_packet,banana,orange,sprite,fanta"
"peanut_butter,sweet_peas","sweet_peas,coke"
"campbells_soup,peanut_butter","sweet_peas,coke,peanut_butter,sweet_peas"
"sprite,coke","sweet_peas,coke,peanut_butter,sweet_peas,campbells_soup"
"orange,banana","sweet_peas,coke,peanut_butter,sweet_peas,campbells_soup,sprite,coffee_sweetener,ritz_crackers,banana"
"nilla_biscuits,ritz_crackers","sweet_peas,coke,peanut_butter,sweet_peas,campbells_soup,sprite,coffee_sweetener,ritz_crackers,banana,orange"
"wheat_thins,nilla_biscuits","sweet_peas,coke,peanut_butter,sweet_peas,campbells_soup,sprite,coffee_sweetener,ritz_crackers,banana,orange,nilla_biscuits"
"honey_oat_cereal,rice_krispies_cereal",rice_krispies_cereal
"oatmeal,honey_oat_cereal","rice_krispies_cereal,honey_oat_cereal,rice_krispies_cereal"
"barrys_tea,coffee_sweetener","rice_krispies_cereal,honey_oat_cereal,rice_krispies_cereal,oatmeal,coffee_sweetener"
"orange,apple","rice_krispies_cereal,honey_oat_cereal,rice_krispies_cereal,oatmeal,coffee_sweetener,barrys_tea,apple"
"banana,orange","rice_krispies_cereal,honey_oat_cereal,rice_krispies_cereal,oatmeal,coffee_sweetener,barrys_tea,apple,orange"
"orange,banana","nilla_biscuits,butter,banana"
"apple,orange","nilla_biscuits,butter,banana,orange"
"chili,peanut_butter","nilla_biscuits,butter,banana,orange,apple,peanut_butter"
"jam,chili","nilla_biscuits,butter,banana,orange,apple,peanut_butter,chili"
"sprite,fanta","nilla_biscuits,butter,banana,orange,apple,peanut_butter,chili,jam,fanta"
"wheat_thins,ritz_crackers",ritz_crackers
"coffee_sweetener,barrys_tea","ritz_crackers,wheat_thins,ritz_crackers,barrys_tea"
"nilla_biscuits,rice_krispies_cereal",rice_krispies_cereal
"wheat_thins,nilla_biscuits","rice_krispies_cereal,nilla_biscuits,rice_krispies_cereal"
"sweet_corn,oatmeal","rice_krispies_cereal,nilla_biscuits,rice_krispies_cereal,wheat_thins,oatmeal"
"chili,sweet_corn","rice_krispies_cereal,nilla_biscuits,rice_krispies_cereal,wheat_thins,oatmeal,sweet_corn"
"jam,chili","rice_krispies_cereal,nilla_biscuits,rice_krispies_cereal,wheat_thins,oatmeal,sweet_corn,chili"
"campbells_soup,jam","rice_krispies_cereal,nilla_biscuits,rice_krispies_cereal,wheat_thins,oatmeal,sweet_corn,chili,jam"
"banana,orange","rice_krispies_cereal,nilla_biscuits,rice_krispies_cereal,wheat_thins,oatmeal,sweet_corn,chili,jam,campbells_soup,orange"
"noodle_packet,wheat_thins","rice_krispies_cereal,nilla_biscuits,rice_krispies_cereal,wheat_thins,oatmeal,sweet_corn,chili,jam,campbells_soup,orange,banana"
"fanta,coke","rice_krispies_cereal,nilla_biscuits,rice_krispies_cereal,wheat_thins,oatmeal,sweet_corn,chili,jam,campbells_soup,orange,banana,noodle_packet,coke"
"sprite,fanta","rice_krispies_cereal,nilla_biscuits,rice_krispies_cereal,wheat_thins,oatmeal,sweet_corn,chili,jam,campbells_soup,orange,banana,noodle_packet,coke,fanta"
"orange,banana",banana
"campbells_soup,sweet_corn","banana,orange,banana,ritz_crackers,barrys_tea,sweet_corn"
"peanut_butter,jam","banana,orange,banana,ritz_crackers,barrys_tea,sweet_corn,campbells_soup,jam"
"fanta,sprite","banana,orange,banana,ritz_crackers,barrys_tea,sweet_corn,campbells_soup,jam,peanut_butter,butter,sprite"
"coffee_sweetener,jam","banana,orange,banana,ritz_crackers,barrys_tea,sweet_corn,campbells_soup,jam,peanut_butter,butter,sprite,fanta"
"honey_oat_cereal,rice_krispies_cereal","rice_krispies_cereal,coffee_sweetener"
"ritz_crackers,honey_oat_cereal","rice_krispies_cereal,coffee_sweetener,honey_oat_cereal,rice_krispies_cereal"
"campbells_soup,chili","rice_krispies_cereal,coffee_sweetener,honey_oat_cereal,rice_krispies_cereal,ritz_crackers,chili"
"orange,banana","rice_krispies_cereal,coffee_sweetener,honey_oat_cereal,rice_krispies_cereal,ritz_crackers,chili,campbells_soup,peanut_butter,sprite,banana"
"honey_oat_cereal,rice_krispies_cereal",rice_krispies_cereal
"ritz_crackers,honey_oat_cereal","rice_krispies_cereal,honey_oat_cereal,rice_krispies_cereal"
"barrys_tea,ritz_crackers","rice_krispies_cereal,honey_oat_cereal,rice_krispies_cereal,ritz_crackers"
"nutella,jam","rice_krispies_cereal,honey_oat_cereal,rice_krispies_cereal,ritz_crackers,barrys_tea,fanta,orange,jam"
"apple,orange","rice_krispies_cereal,honey_oat_cereal,rice_krispies_cereal,ritz_crackers,barrys_tea,fanta,orange,jam,nutella,sweet_peas,noodle_packet"
"banana,apple","rice_krispies_cereal,honey_oat_cereal,rice_krispies_cereal,ritz_crackers,barrys_tea,fanta,orange,jam,nutella,sweet_peas,noodle_packet,apple"
"fanta,dr_pepper","ritz_crackers,honey_oat_cereal,barrys_tea,dr_pepper"
"orange,banana","ritz_crackers,honey_oat_cereal,barrys_tea,dr_pepper,fanta,campbells_soup,nutella,jam,banana"
"sprite,fanta","ritz_crackers,honey_oat_cereal,barrys_tea,dr_pepper,fanta,campbells_soup,nutella,jam,banana,orange"
"wheat_thins,nilla_biscuits",nilla_biscuits
"honey_oat_cereal,wheat_thins","nilla_biscuits,wheat_thins,nilla_biscuits"
"nutella,peanut_butter","nilla_biscuits,wheat_thins,nilla_biscuits,honey_oat_cereal,oatmeal,peanut_butter"
"barrys_tea,ritz_crackers",ritz_crackers
"sprite,chili","ritz_crackers,barrys_tea,ritz_crackers,chili"
"peanut_butter,sprite","ritz_crackers,barrys_tea,ritz_crackers,chili,sprite"
"nutella,peanut_butter","ritz_crackers,barrys_tea,ritz_crackers,chili,sprite,peanut_butter"
"orange,banana","ritz_crackers,barrys_tea,ritz_crackers,chili,sprite,peanut_butter,nutella,noodle_packet,banana"
"apple,orange","ritz_crackers,barrys_tea,ritz_crackers,chili,sprite,peanut_butter,nutella,noodle_packet,banana,orange"
"oatmeal,rice_krispies_cereal",rice_krispies_cereal
"dr_pepper,sprite","rice_krispies_cereal,oatmeal,rice_krispies_cereal,sprite"
"campbells_soup,chili","rice_krispies_cereal,oatmeal,rice_krispies_cereal,sprite,dr_pepper,chili"
"peanut_butter,nutella","rice_krispies_cereal,oatmeal,rice_krispies_cereal,sprite,dr_pepper,chili,campbells_soup,nutella"
"banana,apple","rice_krispies_cereal,oatmeal,rice_krispies_cereal,sprite,dr_pepper,chili,campbells_soup,nutella,peanut_butter,apple"
"butter,ginger","rice_krispies_cereal,oatmeal,rice_krispies_cereal,sprite,dr_pepper,chili,campbells_soup,nutella,peanut_butter,apple,banana,ginger,noodle_packet"
"sprite,fanta",fanta
"dr_pepper,sprite","fanta,sprite,fanta"
"banana,orange","fanta,sprite,fanta,dr_pepper,orange"
"wheat_thins,honey_oat_cereal","fanta,sprite,fanta,dr_pepper,orange,banana,honey_oat_cereal"
"peanut_butter,nutella","fanta,sprite,fanta,dr_pepper,orange,banana,honey_oat_cereal,wheat_thins,nutella"
"ritz_crackers,rice_krispies_cereal",rice_krispies_cereal
"wheat_thins,ritz_crackers","rice_krispies_cereal,ritz_crackers,rice_krispies_cereal"
"nilla_biscuits,wheat_thins","rice_krispies_cereal,ritz_crackers,rice_krispies_cereal,wheat_thins"
"oatmeal,nilla_biscuits","rice_krispies_cereal,ritz_crackers,rice_krispies_cereal,wheat_thins,nilla_biscuits"
"orange,apple","rice_krispies_cereal,ritz_crackers,rice_krispies_cereal,wheat_thins,nilla_biscuits,oatmeal,apple"
"ginger,orange","rice_krispies_cereal,ritz_crackers,rice_krispies_cereal,wheat_thins,nilla_biscuits,oatmeal,apple,orange"
"peanut_butter,nutella","rice_krispies_cereal,ritz_crackers,rice_krispies_cereal,wheat_thins,nilla_biscuits,oatmeal,apple,orange,ginger,nutella"
"wheat_thins,ritz_crackers",ritz_crackers
"campbells_soup,sweet_peas","ritz_crackers,wheat_thins,ritz_crackers,barrys_tea,oatmeal,sweet_peas"
"orange,apple","ritz_crackers,wheat_thins,ritz_crackers,barrys_tea,oatmeal,sweet_peas,campbells_soup,nutella,apple"
"barrys_tea,wheat_thins",wheat_thins
"honey_oat_cereal,barrys_tea","wheat_thins,barrys_tea,wheat_thins"
"sprite,dr_pepper","wheat_thins,barrys_tea,wheat_thins,honey_oat_cereal,dr_pepper"
"sweet_peas,sweet_corn","wheat_thins,barrys_tea,wheat_thins,honey_oat_cereal,dr_pepper,sprite,sweet_corn"
"chili,sweet_peas","wheat_thins,barrys_tea,wheat_thins,honey_oat_cereal,dr_pepper,sprite,sweet_corn,sweet_peas"
"campbells_soup,sweet_corn","wheat_thins,barrys_tea,wheat_thins,honey_oat_cereal,dr_pepper,sprite,sweet_corn,sweet_peas,chili"
"coffee_sweetener,barrys_tea",barrys_tea
"jam,chili","barrys_tea,coffee_sweetener,barrys_tea,chili"
"nutella,jam","barrys_tea,coffee_sweetener,barrys_tea,chili,jam"
"peanut_butter,nutella","barrys_tea,coffee_sweetener,barrys_tea,chili,jam,nutella"
"banana,orange","barrys_tea,coffee_sweetener,barrys_tea,chili,jam,nutella,peanut_butter,fanta,orange"
"apple,banana","barrys_tea,coffee_sweetener,barrys_tea,chili,jam,nutella,peanut_butter,fanta,orange,banana"
"honey_oat_cereal,rice_krispies_cereal",rice_krispies_cereal
"noodle_packet,campbells_soup","rice_krispies_cereal,honey_oat_cereal,rice_krispies_cereal,coffee_sweetener,campbells_soup"
"peanut_butter,oatmeal","rice_krispies_cereal,honey_oat_cereal,rice_krispies_cereal,coffee_sweetener,campbells_soup,noodle_packet,oatmeal"
"jam,peanut_butter","rice_krispies_cereal,honey_oat_cereal,rice_krispies_cereal,coffee_sweetener,campbells_soup,noodle_packet,oatmeal,peanut_butter"
"orange,banana","rice_krispies_cereal,honey_oat_cereal,rice_krispies_cereal,coffee_sweetener,campbells_soup,noodle_packet,oatmeal,peanut_butter,jam,banana"
"sprite,fanta","rice_krispies_cereal,honey_oat_cereal,rice_krispies_cereal,coffee_sweetener,campbells_soup,noodle_packet,oatmeal,peanut_butter,jam,banana,orange,fanta"
"honey_oat_cereal,rice_krispies_cereal",rice_krispies_cereal
"sweet_peas,campbells_soup","rice_krispies_cereal,honey_oat_cereal,rice_krispies_cereal,wheat_thins,barrys_tea,campbells_soup"
"chili,sweet_peas","rice_krispies_cereal,honey_oat_cereal,rice_krispies_cereal,wheat_thins,barrys_tea,campbells_soup,sweet_peas"
"apple,orange","rice_krispies_cereal,honey_oat_cereal,rice_krispies_cereal,wheat_thins,barrys_tea,campbells_soup,sweet_peas,chili,peanut_butter,orange"
"noodle_packet,sprite","rice_krispies_cereal,honey_oat_cereal,rice_krispies_cereal,wheat_thins,barrys_tea,campbells_soup,sweet_peas,chili,peanut_butter,orange,apple,sprite"
"barrys_tea,honey_oat_cereal",honey_oat_cereal
"rice_krispies_cereal,barrys_tea","honey_oat_cereal,barrys_tea,honey_oat_cereal"
"dr_pepper,sprite","honey_oat_cereal,barrys_tea,honey_oat_cereal,rice_krispies_cereal,sweet_peas,campbells_soup,sprite"
"banana,orange","honey_oat_cereal,barrys_tea,honey_oat_cereal,rice_krispies_cereal,sweet_peas,campbells_soup,sprite,dr_pepper,orange"
"ritz_crackers,rice_krispies_cereal",rice_krispies_cereal
"nutella,jam","rice_krispies_cereal,ritz_crackers,rice_krispies_cereal,jam"
"campbells_soup,nutella","rice_krispies_cereal,ritz_crackers,rice_krispies_cereal,jam,nutella"
"orange,banana","rice_krispies_cereal,ritz_crackers,rice_krispies_cereal,jam,nutella,campbells_soup,carrots,banana"
"butter,ritz_crackers","rice_krispies_cereal,ritz_crackers,rice_krispies_cereal,jam,nutella,campbells_soup,carrots,banana,orange,ginger"
"noodle_packet,butter","rice_krispies_cereal,ritz_crackers,rice_krispies_cereal,jam,nutella,campbells_soup,carrots,banana,orange,ginger,butter"
"barrys_tea,coffee_sweetener","rice_krispies_cereal,coffee_sweetener"
"apple,orange","rice_krispies_cereal,coffee_sweetener,barrys_tea,orange"
"coke,fanta","rice_krispies_cereal,coffee_sweetener,barrys_tea,orange,apple,ritz_crackers,dr_pepper,fanta"
"campbells_soup,noodle_packet","rice_krispies_cereal,coffee_sweetener,barrys_tea,orange,apple,ritz_crackers,dr_pepper,fanta,coke,noodle_packet"
"barrys_tea,nilla_biscuits","rice_krispies_cereal,nilla_biscuits"
"peanut_butter,barrys_tea","rice_krispies_cereal,nilla_biscuits,barrys_tea"
"jam,peanut_butter","rice_krispies_cereal,nilla_biscuits,barrys_tea,peanut_butter"
"chili,jam","rice_krispies_cereal,nilla_biscuits,barrys_tea,peanut_butter,jam"
"fanta,chili","rice_krispies_cereal,nilla_biscuits,barrys_tea,peanut_butter,jam,chili"
"sprite,fanta","rice_krispies_cereal,nilla_biscuits,barrys_tea,peanut_butter,jam,chili,fanta"
"orange,apple","rice_krispies_cereal,nilla_biscuits,barrys_tea,peanut_butter,jam,chili,fanta,sprite,noodle_packet,apple"
"banana,orange","rice_krispies_cereal,nilla_biscuits,barrys_tea,peanut_butter,jam,chili,fanta,sprite,noodle_packet,apple,orange"
"sweet_corn,sweet_pea",sweet_pea
"chili,sweet_corn","sweet_pea,sweet_corn,sweet_pea"
"campbells_soup,chili","sweet_pea,sweet_corn,sweet_pea,chili"
"apple,orange","sweet_pea,sweet_corn,sweet_pea,chili,campbells_soup,orange"
"banana,apple","sweet_pea,sweet_corn,sweet_pea,chili,campbells_soup,orange,apple"
"honey_oat_cereal,rice_krispies_cereal","sweet_pea,sweet_corn,sweet_pea,chili,campbells_soup,orange,apple,banana,rice_krispies_cereal"
"wheat_thins,nilla_biscuits","sweet_pea,sweet_corn,sweet_pea,chili,campbells_soup,orange,apple,banana,rice_krispies_cereal,honey_oat_cereal,nilla_biscuits"
"ritz_crackers,wheat_thins","sweet_pea,sweet_corn,sweet_pea,chili,campbells_soup,orange,apple,banana,rice_krispies_cereal,honey_oat_cereal,nilla_biscuits,wheat_thins"
"peanut_butter,sweet_peas","sweet_peas,coke"
"campbells_soup,peanut_butter","sweet_peas,coke,peanut_butter,sweet_peas"
"sprite,coke","sweet_peas,coke,peanut_butter,sweet_peas,campbells_soup"
"orange,banana","sweet_peas,coke,peanut_butter,sweet_peas,campbells_soup,sprite,coffee_sweetener,ritz_crackers,banana"
"nilla_biscuits,ritz_crackers","sweet_peas,coke,peanut_butter,sweet_peas,campbells_soup,sprite,coffee_sweetener,ritz_crackers,banana,orange"
"wheat_thins,nilla_biscuits","sweet_peas,coke,peanut_butter,sweet_peas,campbells_soup,sprite,coffee_sweetener,ritz_crackers,banana,orange,nilla_biscuits"
"honey_oat_cereal,rice_krispies_cereal",rice_krispies_cereal
"coffee_sweetener,barrys_tea","rice_krispies_cereal,honey_oat_cereal,rice_krispies_cereal,barrys_tea"
"dr_pepper,sprite","rice_krispies_cereal,honey_oat_cereal,rice_krispies_cereal,barrys_tea,coffee_sweetener,sprite"
"campbells_soup,noodle_packet","rice_krispies_cereal,honey_oat_cereal,rice_krispies_cereal,barrys_tea,coffee_sweetener,sprite,dr_pepper,noodle_packet"
"banana,orange","rice_krispies_cereal,honey_oat_cereal,rice_krispies_cereal,barrys_tea,coffee_sweetener,sprite,dr_pepper,noodle_packet,campbells_soup,orange"
"wheat_thins,rice_krispies_cereal",rice_krispies_cereal
"nilla_biscuits,wheat_thins","rice_krispies_cereal,wheat_thins,rice_krispies_cereal"
"orange,apple","rice_krispies_cereal,wheat_thins,rice_krispies_cereal,nilla_biscuits,apple"
"ginger,orange","rice_krispies_cereal,wheat_thins,rice_krispies_cereal,nilla_biscuits,apple,orange"
"coffee_sweetener,barrys_tea","rice_krispies_cereal,wheat_thins,rice_krispies_cereal,nilla_biscuits,apple,orange,ginger,oatmeal,barrys_tea"
"sweet_peas,campbells_soup","rice_krispies_cereal,wheat_thins,rice_krispies_cereal,nilla_biscuits,apple,orange,ginger,oatmeal,barrys_tea,coffee_sweetener,noodle_packet,peanut_butter,campbells_soup"
"ritz_crackers,rice_krispies_cereal",rice_krispies_cereal
"honey_oat_cereal,ritz_crackers","rice_krispies_cereal,ritz_crackers,rice_krispies_cereal"
"barrys_tea,honey_oat_cereal","rice_krispies_cereal,ritz_crackers,rice_krispies_cereal,honey_oat_cereal"
"coke,fanta","rice_krispies_cereal,ritz_crackers,rice_krispies_cereal,honey_oat_cereal,barrys_tea,fanta"
"sprite,coke","rice_krispies_cereal,ritz_crackers,rice_krispies_cereal,honey_oat_cereal,barrys_tea,fanta,coke"
"apple,orange","rice_krispies_cereal,ritz_crackers,rice_krispies_cereal,honey_oat_cereal,barrys_tea,fanta,coke,sprite,noodle_packet,campbells_soup,orange"
"nilla_biscuits,honey_oat_cereal",honey_oat_cereal
"wheat_thins,nilla_biscuits","honey_oat_cereal,nilla_biscuits,honey_oat_cereal"
"nutella,noodle_packet","honey_oat_cereal,nilla_biscuits,honey_oat_cereal,wheat_thins,barrys_tea,oatmeal,noodle_packet"
"campbells_soup,jam",jam
"sprite,campbells_soup","jam,campbells_soup,jam"
"chili,sprite","jam,campbells_soup,jam,sprite"
"sweet_peas,chili","jam,campbells_soup,jam,sprite,chili"
"barrys_tea,honey_oat_cereal","jam,campbells_soup,jam,sprite,chili,sweet_peas,honey_oat_cereal"
"wheat_thins,barrys_tea","jam,campbells_soup,jam,sprite,chili,sweet_peas,honey_oat_cereal,barrys_tea"
"orange,banana","jam,campbells_soup,jam,sprite,chili,sweet_peas,honey_oat_cereal,barrys_tea,wheat_thins,banana"
"ginger,banana","jam,campbells_soup,jam,sprite,chili,sweet_peas,honey_oat_cereal,barrys_tea,wheat_thins,banana,orange"
"fanta,sprite",sprite
"orange,banana","sprite,fanta,sprite,banana"
"jam,peanut_butter","sprite,fanta,sprite,banana,orange,peanut_butter"
"barrys_tea,ritz_crackers","sprite,fanta,sprite,banana,orange,peanut_butter,jam,ritz_crackers"
"ritz_crackers,wheat_thins","rice_krispies_cereal,wheat_thins"
"campbells_soup,chili","rice_krispies_cereal,wheat_thins,ritz_crackers,oatmeal,chili"
"sweet_peas,campbells_soup","rice_krispies_cereal,wheat_thins,ritz_crackers,oatmeal,chili,campbells_soup"
"orange,banana","rice_krispies_cereal,wheat_thins,ritz_crackers,oatmeal,chili,campbells_soup,sweet_peas,banana"
"ginger,orange","rice_krispies_cereal,wheat_thins,ritz_crackers,oatmeal,chili,campbells_soup,sweet_peas,banana,orange,peanut_butter"
"rice_krispies_cereal,honey_oat_cereal",honey_oat_cereal
"wheat_thins,rice_krispies_cereal","honey_oat_cereal,rice_krispies_cereal,honey_oat_cereal"
"ritz_crackers,wheat_thins","honey_oat_cereal,rice_krispies_cereal,honey_oat_cereal,wheat_thins"
"orange,banana","honey_oat_cereal,rice_krispies_cereal,honey_oat_cereal,wheat_thins,ritz_crackers,oatmeal,banana"
"peanut_butter,jam","honey_oat_cereal,rice_krispies_cereal,honey_oat_cereal,wheat_thins,ritz_crackers,oatmeal,banana,orange,coffee_sweetener,jam"
"ritz_crackers,rice_krispies_cereal",rice_krispies_cereal
"noodle_packet,cambells_soup","rice_krispies_cereal,ritz_crackers,rice_krispies_cereal,butter,campbells_soup"
"jam,nutella","rice_krispies_cereal,ritz_crackers,rice_krispies_cereal,butter,campbells_soup,noodle_packet,cambells_soup,nutella"
"orange,banana","rice_krispies_cereal,ritz_crackers,rice_krispies_cereal,butter,campbells_soup,noodle_packet,cambells_soup,nutella,jam,banana"
"ginger,banana","rice_krispies_cereal,ritz_crackers,rice_krispies_cereal,butter,campbells_soup,noodle_packet,cambells_soup,nutella,jam,banana,orange"
"carrots,ginger","rice_krispies_cereal,ritz_crackers,rice_krispies_cereal,butter,campbells_soup,noodle_packet,cambells_soup,nutella,jam,banana,orange,ginger"
"rice_krispies_cereal,wheat_thins",wheat_thins
"ritz_crackers,rice_krispies_cereal","wheat_thins,rice_krispies_cereal,wheat_thins"
"nutella,oatmeal","wheat_thins,rice_krispies_cereal,wheat_thins,ritz_crackers,oatmeal"
"chili,nutella","wheat_thins,rice_krispies_cereal,wheat_thins,ritz_crackers,oatmeal,nutella"
"butter,chili","wheat_thins,rice_krispies_cereal,wheat_thins,ritz_crackers,oatmeal,nutella,chili"
"sweet_corn,butter","wheat_thins,rice_krispies_cereal,wheat_thins,ritz_crackers,oatmeal,nutella,chili,butter"
"orange,ginger","wheat_thins,rice_krispies_cereal,wheat_thins,ritz_crackers,oatmeal,nutella,chili,butter,sweet_corn,ginger"
"banana,orange","wheat_thins,rice_krispies_cereal,wheat_thins,ritz_crackers,oatmeal,nutella,chili,butter,sweet_corn,ginger,orange"
"honey_oat_cereal,rice_krispies_cereal",rice_krispies_cereal
"barrys_tea,wheat_thins","rice_krispies_cereal,honey_oat_cereal,rice_krispies_cereal,ritz_crackers,wheat_thins"
"oatmeal,honey_oat_cereal","honey_oat_cereal,ritz_crackers"
"wheat_thins,ritz_crackers","honey_oat_cereal,ritz_crackers,oatmeal,honey_oat_cereal"
"sweet_corn,sweet_peas","honey_oat_cereal,ritz_crackers,oatmeal,honey_oat_cereal,wheat_thins,sweet_peas"
"campbells_soup,sweet_corn","honey_oat_cereal,ritz_crackers,oatmeal,honey_oat_cereal,wheat_thins,sweet_peas,sweet_corn"
"nutella,oatmeal","honey_oat_cereal,ritz_crackers,oatmeal,honey_oat_cereal,wheat_thins,sweet_peas,sweet_corn,campbells_soup"
"peanut_butter,nutella","honey_oat_cereal,ritz_crackers,oatmeal,honey_oat_cereal,wheat_thins,sweet_peas,sweet_corn,campbells_soup,nutella"
"banana,apple","honey_oat_cereal,ritz_crackers,oatmeal,honey_oat_cereal,wheat_thins,sweet_peas,sweet_corn,campbells_soup,nutella,peanut_butter,sprite,apple"
"campbells_soup,chili",chili
"wheat_thins,barrys_tea","chili,campbells_soup,chili,sweet_peas,jam,sprite,barrys_tea"
"orange,banana","chili,campbells_soup,chili,sweet_peas,jam,sprite,barrys_tea,wheat_thins,banana"
"noodle_packet,coffee_sweetener","chili,campbells_soup,chili,sweet_peas,jam,sprite,barrys_tea,wheat_thins,banana,orange,coffee_sweetener"
"ritz_crackers,wheat_thins","chili,campbells_soup,chili,sweet_peas,jam,sprite,barrys_tea,wheat_thins,banana,orange,coffee_sweetener,noodle_packet"
"nilla_biscuits,rice_krispies_cereal",rice_krispies_cereal
"barrys_tea,nilla_biscuits","rice_krispies_cereal,nilla_biscuits,rice_krispies_cereal"
"ritz_crackers,barrys_tea","rice_krispies_cereal,nilla_biscuits,rice_krispies_cereal,barrys_tea"
"jam,sweet_peas","rice_krispies_cereal,nilla_biscuits,rice_krispies_cereal,barrys_tea,ritz_crackers,oatmeal,sweet_peas"
"orange,apple","rice_krispies_cereal,nilla_biscuits,rice_krispies_cereal,barrys_tea,ritz_crackers,oatmeal,sweet_peas,jam,fanta,nutella,apple"
"banana,apple","rice_krispies_cereal,nilla_biscuits,rice_krispies_cereal,barrys_tea,ritz_crackers,oatmeal,sweet_peas,jam,fanta,nutella,apple,orange"
"barrys_tea,wheat_thins",wheat_thins
"ritz_crackers,barrys_tea","wheat_thins,barrys_tea,wheat_thins"
"rice_krispies_cereal,ritz_crackers","wheat_thins,barrys_tea,wheat_thins,ritz_crackers"
"noodle_packet,nutella","wheat_thins,barrys_tea,wheat_thins,ritz_crackers,rice_krispies_cereal,nutella"
"sprite,noodle_packet","wheat_thins,barrys_tea,wheat_thins,ritz_crackers,rice_krispies_cereal,nutella,noodle_packet"
"oatmeal,sprite","wheat_thins,barrys_tea,wheat_thins,ritz_crackers,rice_krispies_cereal,nutella,noodle_packet,sprite"
"banana,orange","wheat_thins,barrys_tea,wheat_thins,ritz_crackers,rice_krispies_cereal,nutella,noodle_packet,sprite,oatmeal,orange"
"ginger,banana","wheat_thins,barrys_tea,wheat_thins,ritz_crackers,rice_krispies_cereal,nutella,noodle_packet,sprite,oatmeal,orange,banana"
"nilla_biscuits,honey_oat_cereal",honey_oat_cereal
"ritz_crackers,nilla_biscuits","honey_oat_cereal,nilla_biscuits,honey_oat_cereal"
"campbells_soup,chili","honey_oat_cereal,nilla_biscuits,honey_oat_cereal,ritz_crackers,chili"
"coffee_sweetener,ritz_crackers","honey_oat_cereal,nilla_biscuits,honey_oat_cereal,ritz_crackers,chili,campbells_soup,jam"
"banana,orange","honey_oat_cereal,nilla_biscuits,honey_oat_cereal,ritz_crackers,chili,campbells_soup,jam,coffee_sweetener,orange"
"noodle_packet,chili","honey_oat_cereal,nilla_biscuits,honey_oat_cereal,ritz_crackers,chili,campbells_soup,jam,coffee_sweetener,orange,banana"
"ginger,campbells_soup","honey_oat_cereal,nilla_biscuits,honey_oat_cereal,ritz_crackers,chili,campbells_soup,jam,coffee_sweetener,orange,banana,noodle_packet"
"honey_oat_cereal,rice_krispies_cereal",rice_krispies_cereal
"oatmeal,honey_oat_cereal","rice_krispies_cereal,honey_oat_cereal,rice_krispies_cereal"
"barrys_tea,coffee_sweetener","rice_krispies_cereal,honey_oat_cereal,rice_krispies_cereal,oatmeal,coffee_sweetener"
"sweet_peas,nutella","rice_krispies_cereal,honey_oat_cereal,rice_krispies_cereal,oatmeal,coffee_sweetener,barrys_tea,nutella"
"coke,sprite","rice_krispies_cereal,honey_oat_cereal,rice_krispies_cereal,oatmeal,coffee_sweetener,barrys_tea,nutella,sweet_peas,sprite"
"dr_pepper,coke","rice_krispies_cereal,honey_oat_cereal,rice_krispies_cereal,oatmeal,coffee_sweetener,barrys_tea,nutella,sweet_peas,sprite,coke"
"fanta,dr_pepper","ritz_crackers,honey_oat_cereal,barrys_tea,dr_pepper"
"orange,banana","ritz_crackers,honey_oat_cereal,barrys_tea,dr_pepper,fanta,campbells_soup,nutella,jam,banana"
"sprite,fanta","ritz_crackers,honey_oat_cereal,barrys_tea,dr_pepper,fanta,campbells_soup,nutella,jam,banana,orange"
"honey_oat_cereal,rice_krispies_cereal",rice_krispies_cereal
"barrys_tea,honey_oat_cereal","rice_krispies_cereal,honey_oat_cereal,rice_krispies_cereal"
"nilla_biscuits,barrys_tea","rice_krispies_cereal,honey_oat_cereal,rice_krispies_cereal,barrys_tea"
"ritz_crackers,nilla_biscuits","rice_krispies_cereal,honey_oat_cereal,rice_krispies_cereal,barrys_tea,nilla_biscuits"
"fanta,ritz_crackers","rice_krispies_cereal,honey_oat_cereal,rice_krispies_cereal,barrys_tea,nilla_biscuits,ritz_crackers"
"orange,apple","rice_krispies_cereal,honey_oat_cereal,rice_krispies_cereal,barrys_tea,nilla_biscuits,ritz_crackers,fanta,apple"
"banana,orange","rice_krispies_cereal,honey_oat_cereal,rice_krispies_cereal,barrys_tea,nilla_biscuits,ritz_crackers,fanta,apple,orange"
"fanta,sprite","rice_krispies_cereal,honey_oat_cereal,rice_krispies_cereal,barrys_tea,nilla_biscuits,ritz_crackers,fanta,apple,orange,banana,sprite"
"noodle_packet,nilla_biscuits",nilla_biscuits
"barrys_tea,noodle_packet","nilla_biscuits,noodle_packet,nilla_biscuits"
"ritz_crackers,barrys_tea","nilla_biscuits,noodle_packet,nilla_biscuits,barrys_tea"
"jam,ritz_crackers","nilla_biscuits,noodle_packet,nilla_biscuits,barrys_tea,ritz_crackers"
"fanta,jam","nilla_biscuits,noodle_packet,nilla_biscuits,barrys_tea,ritz_crackers,jam"
"sprite,fanta","nilla_biscuits,noodle_packet,nilla_biscuits,barrys_tea,ritz_crackers,jam,fanta,sweet_corn"
"sweet_peas,sweet_corn","nilla_biscuits,noodle_packet,nilla_biscuits,barrys_tea,ritz_crackers,jam,fanta,sweet_corn,sprite"
"apple,orange","nilla_biscuits,noodle_packet,nilla_biscuits,barrys_tea,ritz_crackers,jam,fanta,sweet_corn,sprite,sweet_peas,orange"
"banana,apple","nilla_biscuits,noodle_packet,nilla_biscuits,barrys_tea,ritz_crackers,jam,fanta,sweet_corn,sprite,sweet_peas,orange,apple"
"barrys_tea,ritz_crackers",ritz_crackers
"coke,barrys_tea","ritz_crackers,barrys_tea,ritz_crackers"
"apple,coke","ritz_crackers,barrys_tea,ritz_crackers,coke"
"orange,fanta","ritz_crackers,barrys_tea,ritz_crackers,coke,apple,fanta"
"sweet_peas,sprite","ritz_crackers,barrys_tea,ritz_crackers,coke,apple,fanta,orange,honey_oat_cereal,banana,sprite"
"jam,sweet_peas","ritz_crackers,barrys_tea,ritz_crackers,coke,apple,fanta,orange,honey_oat_cereal,banana,sprite,sweet_peas"
"noodle_packet,jam","ritz_crackers,barrys_tea,ritz_crackers,coke,apple,fanta,orange,honey_oat_cereal,banana,sprite,sweet_peas,jam"
"ritz_crackers,nilla_biscuits",nilla_biscuits
"sweet_corn,oatmeal","nilla_biscuits,ritz_crackers,nilla_biscuits,oatmeal"
"sweet_peas,sweet_corn","nilla_biscuits,ritz_crackers,nilla_biscuits,oatmeal,sweet_corn"
"chili,sweet_peas","nilla_biscuits,ritz_crackers,nilla_biscuits,oatmeal,sweet_corn,sweet_peas,nutella"
"jam,chili","nilla_biscuits,ritz_crackers,nilla_biscuits,oatmeal,sweet_corn,sweet_peas,nutella,chili"
"peanut_butter,jam","nilla_biscuits,ritz_crackers,nilla_biscuits,oatmeal,sweet_corn,sweet_peas,nutella,chili,jam"
"orange,apple","nilla_biscuits,ritz_crackers,nilla_biscuits,oatmeal,sweet_corn,sweet_peas,nutella,chili,jam,peanut_butter,fanta,apple"
"banana,orange","nilla_biscuits,ritz_crackers,nilla_biscuits,oatmeal,sweet_corn,sweet_peas,nutella,chili,jam,peanut_butter,fanta,apple,orange"
"coffee_sweetener,ritz_crackers",ritz_crackers
"nilla_biscuits,coffee_sweetener","ritz_crackers,coffee_sweetener,ritz_crackers"
"barrys_tea,nilla_biscuits","ritz_crackers,coffee_sweetener,ritz_crackers,nilla_biscuits"
"peanut_butter,oatmeal","ritz_crackers,coffee_sweetener,ritz_crackers,nilla_biscuits,barrys_tea,oatmeal"
"campbells_soup,peanut_butter","ritz_crackers,coffee_sweetener,ritz_crackers,nilla_biscuits,barrys_tea,oatmeal,peanut_butter"
"jam,campbells_soup","ritz_crackers,coffee_sweetener,ritz_crackers,nilla_biscuits,barrys_tea,oatmeal,peanut_butter,campbells_soup"
"sprite,jam","ritz_crackers,coffee_sweetener,ritz_crackers,nilla_biscuits,barrys_tea,oatmeal,peanut_butter,campbells_soup,jam"
"noodle_packet,sprite","ritz_crackers,coffee_sweetener,ritz_crackers,nilla_biscuits,barrys_tea,oatmeal,peanut_butter,campbells_soup,jam,sprite,orange"
"banana,orange","ritz_crackers,coffee_sweetener,ritz_crackers,nilla_biscuits,barrys_tea,oatmeal,peanut_butter,campbells_soup,jam,sprite,orange,noodle_packet"
"chili,campbells_soup",campbells_soup
"banana,apple","campbells_soup,chili,campbells_soup,apple"
"orange,banana","campbells_soup,chili,campbells_soup,apple,banana"
"jam,nutella","campbells_soup,chili,campbells_soup,apple,banana,orange,nutella,wheat_thins,coffee_sweetener"
"sweet_peas,chili","campbells_soup,chili,campbells_soup,apple,banana,orange,nutella,wheat_thins,coffee_sweetener,jam"
"ritz_crackers,wheat_thins","campbells_soup,chili,campbells_soup,apple,banana,orange,nutella,wheat_thins,coffee_sweetener,jam,sweet_peas"
"campbells_soup,chili","honey_oat_cereal,nilla_biscuits,oatmeal,chili"
"nilla_biscuits,honey_oat_cereal",honey_oat_cereal
"barrys_tea,oatmeal","honey_oat_cereal,nilla_biscuits,honey_oat_cereal,oatmeal"
"apple,ginger","honey_oat_cereal,nilla_biscuits,honey_oat_cereal,oatmeal,barrys_tea,ginger"
"sweet_peas,sweet_corn","honey_oat_cereal,nilla_biscuits,honey_oat_cereal,oatmeal,barrys_tea,ginger,apple,sweet_corn"
"jam,nutella","honey_oat_cereal,nilla_biscuits,honey_oat_cereal,oatmeal,barrys_tea,ginger,apple,sweet_corn,sweet_peas,nutella"
"noodle_packet,barrys_tea","honey_oat_cereal,nilla_biscuits,honey_oat_cereal,oatmeal,barrys_tea,ginger,apple,sweet_corn,sweet_peas,nutella,jam"
"campbells_soup,sweet_peas","honey_oat_cereal,nilla_biscuits,honey_oat_cereal,oatmeal,barrys_tea,ginger,apple,sweet_corn,sweet_peas,nutella,jam,noodle_packet"
"honey_oat_cereal,rice_krispies_cereal",rice_krispies_cereal
"oatmeal,honey_oat_cereal","rice_krispies_cereal,honey_oat_cereal,rice_krispies_cereal"
"wheat_thins,nilla_biscuits","rice_krispies_cereal,honey_oat_cereal,rice_krispies_cereal,oatmeal,nilla_biscuits"
"nilla_biscuits,ritz_crackers",ritz_crackers
"barrys_tea,nilla_biscuits","ritz_crackers,nilla_biscuits,ritz_crackers"
"wheat_thins,barrys_tea","ritz_crackers,nilla_biscuits,ritz_crackers,barrys_tea"
"peanut_butter,jam","ritz_crackers,nilla_biscuits,ritz_crackers,barrys_tea,wheat_thins,jam"
"nutella,peanut_butter","ritz_crackers,nilla_biscuits,ritz_crackers,barrys_tea,wheat_thins,jam,peanut_butter"
"banana,apple","ritz_crackers,nilla_biscuits,ritz_crackers,barrys_tea,wheat_thins,jam,peanut_butter,nutella,apple"
"sprite,fanta","ritz_crackers,nilla_biscuits,ritz_crackers,barrys_tea,wheat_thins,jam,peanut_butter,nutella,apple,banana,fanta"
"orange,banana","ritz_crackers,nilla_biscuits,ritz_crackers,barrys_tea,wheat_thins,jam,peanut_butter,nutella,apple,banana,fanta,sprite"
"noodle_packet,nilla_biscuits","ritz_crackers,nilla_biscuits,ritz_crackers,barrys_tea,wheat_thins,jam,peanut_butter,nutella,apple,banana,fanta,sprite,orange"
"sweet_corn,sweet_peas","ritz_crackers,nilla_biscuits,ritz_crackers,barrys_tea,wheat_thins,jam,peanut_butter,nutella,apple,banana,fanta,sprite,orange,noodle_packet,sweet_peas"
"rice_krispies_cereal,honey_oat_cereal",honey_oat_cereal
"ritz_crackers,rice_krispies_cereal","honey_oat_cereal,rice_krispies_cereal,honey_oat_cereal"
"nilla_biscuits,ritz_crackers","honey_oat_cereal,rice_krispies_cereal,honey_oat_cereal,ritz_crackers"
"wheat_thins,nilla_biscuits","honey_oat_cereal,rice_krispies_cereal,honey_oat_cereal,ritz_crackers,nilla_biscuits"
"coffee_sweetener,barrys_tea","honey_oat_cereal,rice_krispies_cereal,honey_oat_cereal,ritz_crackers,nilla_biscuits,wheat_thins,barrys_tea"
"jam,coffee_sweetener","honey_oat_cereal,rice_krispies_cereal,honey_oat_cereal,ritz_crackers,nilla_biscuits,wheat_thins,barrys_tea,coffee_sweetener"
"peanut_butter,jam","honey_oat_cereal,rice_krispies_cereal,honey_oat_cereal,ritz_crackers,nilla_biscuits,wheat_thins,barrys_tea,coffee_sweetener,jam"
"oatmeal,honey_oat_cereal",honey_oat_cereal
"barrys_tea,coffee_sweetener","honey_oat_cereal,oatmeal,honey_oat_cereal,coffee_sweetener"
"peanut_butter,oatmeal","honey_oat_cereal,oatmeal,honey_oat_cereal,coffee_sweetener,barrys_tea"
"nutella,peanut_butter","honey_oat_cereal,oatmeal,honey_oat_cereal,coffee_sweetener,barrys_tea,peanut_butter"
"jam,nutella","honey_oat_cereal,oatmeal,honey_oat_cereal,coffee_sweetener,barrys_tea,peanut_butter,nutella"
"orange,banana","honey_oat_cereal,oatmeal,honey_oat_cereal,coffee_sweetener,barrys_tea,peanut_butter,nutella,jam,banana"
"chili,campbells_soup","honey_oat_cereal,oatmeal,honey_oat_cereal,coffee_sweetener,barrys_tea,peanut_butter,nutella,jam,banana,orange,campbells_soup"
"noodle_packet,chili","honey_oat_cereal,oatmeal,honey_oat_cereal,coffee_sweetener,barrys_tea,peanut_butter,nutella,jam,banana,orange,campbells_soup,chili"
"honey_oat_cereal,rice_krispies_cereal",rice_krispies_cereal
"ritz_crackers,honey_oat_cereal","rice_krispies_cereal,honey_oat_cereal,rice_krispies_cereal"
"barrys_tea,coffee_sweetener","rice_krispies_cereal,honey_oat_cereal,rice_krispies_cereal,ritz_crackers,coffee_sweetener"
"sweet_peas,campbells_soup","rice_krispies_cereal,honey_oat_cereal,rice_krispies_cereal,ritz_crackers,coffee_sweetener,barrys_tea,campbells_soup"
"jam,sweet_peas","rice_krispies_cereal,honey_oat_cereal,rice_krispies_cereal,ritz_crackers,coffee_sweetener,barrys_tea,campbells_soup,sweet_peas"
"chili,jam","rice_krispies_cereal,honey_oat_cereal,rice_krispies_cereal,ritz_crackers,coffee_sweetener,barrys_tea,campbells_soup,sweet_peas,jam"
"banana,ginger","rice_krispies_cereal,honey_oat_cereal,rice_krispies_cereal,ritz_crackers,coffee_sweetener,barrys_tea,campbells_soup,sweet_peas,jam,chili,dr_pepper,ginger"
"oatmeal,rice_krispies_cereal",rice_krispies_cereal
"peanut_butter,jam","rice_krispies_cereal,oatmeal,rice_krispies_cereal,jam"
"nutella,peanut_butter","rice_krispies_cereal,oatmeal,rice_krispies_cereal,jam,peanut_butter"
"orange,apple","rice_krispies_cereal,oatmeal,rice_krispies_cereal,jam,peanut_butter,nutella,apple"
"ritz_crackers,wheat_thins","rice_krispies_cereal,oatmeal,rice_krispies_cereal,jam,peanut_butter,nutella,apple,orange,wheat_thins"
"barrys_tea,coffee_sweetener","rice_krispies_cereal,oatmeal,rice_krispies_cereal,jam,peanut_butter,nutella,apple,orange,wheat_thins,ritz_crackers,coffee_sweetener"
"nilla_biscuits,ritz_crackers","rice_krispies_cereal,oatmeal,rice_krispies_cereal,jam,peanut_butter,nutella,apple,orange,wheat_thins,ritz_crackers,coffee_sweetener,barrys_tea"
"honey_oat_cereal,rice_krispies_cereal",rice_krispies_cereal
"ritz_crackers,honey_oat_cereal","rice_krispies_cereal,honey_oat_cereal,rice_krispies_cereal"
"sprite,dr_pepper","rice_krispies_cereal,honey_oat_cereal,rice_krispies_cereal,ritz_crackers,dr_pepper"
"coke,sprite","rice_krispies_cereal,honey_oat_cereal,rice_krispies_cereal,ritz_crackers,dr_pepper,sprite"
"fanta,coke","rice_krispies_cereal,honey_oat_cereal,rice_krispies_cereal,ritz_crackers,dr_pepper,sprite,coke"
"barrys_tea,ritz_crackers","rice_krispies_cereal,honey_oat_cereal,rice_krispies_cereal,ritz_crackers,dr_pepper,sprite,coke,fanta"
"campbells_soup,barrys_tea","rice_krispies_cereal,honey_oat_cereal,rice_krispies_cereal,ritz_crackers,dr_pepper,sprite,coke,fanta,barrys_tea"
"orange,apple","rice_krispies_cereal,honey_oat_cereal,rice_krispies_cereal,ritz_crackers,dr_pepper,sprite,coke,fanta,barrys_tea,campbells_soup,apple"
"orange,apple",apple
"banana,orange","apple,orange,apple"
"ginger,banana","apple,orange,apple,banana"
"nutella,peanut_butter","apple,orange,apple,banana,ginger,peanut_butter"
"wheat_thins,honey_oat_cereal","apple,orange,apple,banana,ginger,peanut_butter,nutella,sprite,honey_oat_cereal"
"sweet_corn,campbells_soup","apple,orange,apple,banana,ginger,peanut_butter,nutella,sprite,honey_oat_cereal,wheat_thins,oatmeal,campbells_soup"
"barrys_tea,oatmeal",oatmeal
"nutella,barrys_tea","oatmeal,barrys_tea,oatmeal"
"wheat_thins,nutella","oatmeal,barrys_tea,oatmeal,nutella"
"ritz_crackers,wheat_thins","oatmeal,barrys_tea,oatmeal,nutella,wheat_thins"
"coffee_sweetener,ritz_crackers","oatmeal,barrys_tea,oatmeal,nutella,wheat_thins,ritz_crackers"
"jam,noodle_packet","oatmeal,barrys_tea,oatmeal,nutella,wheat_thins,ritz_crackers,coffee_sweetener,noodle_packet"
"sprite,jam","oatmeal,barrys_tea,oatmeal,nutella,wheat_thins,ritz_crackers,coffee_sweetener,noodle_packet,jam"
"banana,orange","oatmeal,barrys_tea,oatmeal,nutella,wheat_thins,ritz_crackers,coffee_sweetener,noodle_packet,jam,sprite,orange"
"ginger,banana","oatmeal,barrys_tea,oatmeal,nutella,wheat_thins,ritz_crackers,coffee_sweetener,noodle_packet,jam,sprite,orange,banana"
"wheat_thins,rice_krispies_cereal",rice_krispies_cereal
"nilla_biscuits,wheat_thins","rice_krispies_cereal,wheat_thins,rice_krispies_cereal"
"oatmeal,nilla_biscuits","rice_krispies_cereal,wheat_thins,rice_krispies_cereal,nilla_biscuits"
"sweet_corn,sweet_peas","rice_krispies_cereal,wheat_thins,rice_krispies_cereal,nilla_biscuits,oatmeal,sweet_peas"
"campbells_soup,chili","rice_krispies_cereal,wheat_thins,rice_krispies_cereal,nilla_biscuits,oatmeal,sweet_peas,sweet_corn,chili"
"peanut_butter,campbells_soup","rice_krispies_cereal,wheat_thins,rice_krispies_cereal,nilla_biscuits,oatmeal,sweet_peas,sweet_corn,chili,campbells_soup"
"orange,ginger","rice_krispies_cereal,wheat_thins,rice_krispies_cereal,nilla_biscuits,oatmeal,sweet_peas,sweet_corn,chili,campbells_soup,peanut_butter,ginger"
"banana,orange","rice_krispies_cereal,wheat_thins,rice_krispies_cereal,nilla_biscuits,oatmeal,sweet_peas,sweet_corn,chili,campbells_soup,peanut_butter,ginger,orange"
"honey_oat_cereal,rice_krispies_cereal",rice_krispies_cereal
"wheat_thins,honey_oat_cereal","rice_krispies_cereal,honey_oat_cereal,rice_krispies_cereal"
"nilla_biscuits,wheat_thins","rice_krispies_cereal,honey_oat_cereal,rice_krispies_cereal,wheat_thins"
"jam,peanut_butter","rice_krispies_cereal,honey_oat_cereal,rice_krispies_cereal,wheat_thins,nilla_biscuits,oatmeal,peanut_butter"
"orange,banana","rice_krispies_cereal,honey_oat_cereal,rice_krispies_cereal,wheat_thins,nilla_biscuits,oatmeal,peanut_butter,jam,banana"
"ginger,banana","rice_krispies_cereal,honey_oat_cereal,rice_krispies_cereal,wheat_thins,nilla_biscuits,oatmeal,peanut_butter,jam,banana,orange,campbells_soup"
"sweet_peas,campbells_soup","rice_krispies_cereal,honey_oat_cereal,rice_krispies_cereal,wheat_thins,nilla_biscuits,oatmeal,peanut_butter,jam,banana,orange,campbells_soup,ginger"
"ritz_crackers,honey_oat_cereal",honey_oat_cereal
"barrys_tea,coffee_sweetener","honey_oat_cereal,ritz_crackers,honey_oat_cereal,coffee_sweetener"
"fanta,dr_pepper","honey_oat_cereal,ritz_crackers,honey_oat_cereal,coffee_sweetener,barrys_tea,dr_pepper"
"coke,fanta","honey_oat_cereal,ritz_crackers,honey_oat_cereal,coffee_sweetener,barrys_tea,dr_pepper,fanta"
"apple,banana","honey_oat_cereal,ritz_crackers,honey_oat_cereal,coffee_sweetener,barrys_tea,dr_pepper,fanta,coke,banana"
"orange,apple","honey_oat_cereal,ritz_crackers,honey_oat_cereal,coffee_sweetener,barrys_tea,dr_pepper,fanta,coke,banana,apple"
"ritz_crackers,nilla_biscuits",nilla_biscuits
"oatmeal,ritz_crackers","nilla_biscuits,ritz_crackers,nilla_biscuits"
"noodle_packet,oatmeal","nilla_biscuits,ritz_crackers,nilla_biscuits,oatmeal"
"peanut_butter,noodle_packet","nilla_biscuits,ritz_crackers,nilla_biscuits,oatmeal,noodle_packet"
"sweet_corn,peanut_butter","nilla_biscuits,ritz_crackers,nilla_biscuits,oatmeal,noodle_packet,peanut_butter"
"sweet_peas,sweet_corn","nilla_biscuits,ritz_crackers,nilla_biscuits,oatmeal,noodle_packet,peanut_butter,sweet_corn"
"jam,sweet_peas","nilla_biscuits,ritz_crackers,nilla_biscuits,oatmeal,noodle_packet,peanut_butter,sweet_corn,sweet_peas"
"fanta,jam","nilla_biscuits,ritz_crackers,nilla_biscuits,oatmeal,noodle_packet,peanut_butter,sweet_corn,sweet_peas,jam"
"sprite,fanta","nilla_biscuits,ritz_crackers,nilla_biscuits,oatmeal,noodle_packet,peanut_butter,sweet_corn,sweet_peas,jam,fanta"
"butter,sprite","nilla_biscuits,ritz_crackers,nilla_biscuits,oatmeal,noodle_packet,peanut_butter,sweet_corn,sweet_peas,jam,fanta,sprite"
"apple,butter","nilla_biscuits,ritz_crackers,nilla_biscuits,oatmeal,noodle_packet,peanut_butter,sweet_corn,sweet_peas,jam,fanta,sprite,butter"
